DATAFLOW,LAST UPDATE,freq,citizen,applicant,sex,unit,age,geo,TIME_PERIOD,OBS_VALUE,OBS_FLAG,CONF_STATUS
ESTAT:TPS00191(1.0),31/07/25 23:00:00,Annual,Extra-EU27 (from 2020),First time applicant,Total,Person,Total,Austria,2014,25675,,
ESTAT:TPS00191(1.0),31/07/25 23:00:00,Annual,Extra-EU27 (from 2020),First time applicant,Total,Person,Total,Austria,2015,85505,,
ESTAT:TPS00191(1.0),31/07/25 23:00:00,Annual,Extra-EU27 (from 2020),First time applicant,Total,Person,Total,Austria,2016,39875,,
ESTAT:TPS00191(1.0),31/07/25 23:00:00,Annual,Extra-EU27 (from 2020),First time applicant,Total,Person,Total,Austria,2017,22455,,
ESTAT:TPS00191(1.0),31/07/25 23:00:00,Annual,Extra-EU27 (from 2020),First time applicant,Total,Person,Total,Austria,2018,11580,,
ESTAT:TPS00191(1.0),31/07/25 23:00:00,Annual,Extra-EU27 (from 2020),First time applicant,Total,Person,Total,Austria,2019,10985,,
ESTAT:TPS00191(1.0),31/07/25 23:00:00,Annual,Extra-EU27 (from 2020),First time applicant,Total,Person,Total,Austria,2020,13400,,
ESTAT:TPS00191(1.0),31/07/25 23:00:00,Annual,Extra-EU27 (from 2020),First time applicant,Total,Person,Total,Austria,2021,37800,,
ESTAT:TPS00191(1.0),31/07/25 23:00:00,Annual,Extra-EU27 (from 2020),First time applicant,Total,Person,Total,Austria,2022,109775,,
ESTAT:TPS00191(1.0),31/07/25 23:00:00,Annual,Extra-EU27 (from 2020),First time applicant,Total,Person,Total,Austria,2023,56135,,
ESTAT:TPS00191(1.0),31/07/25 23:00:00,Annual,Extra-EU27 (from 2020),First time applicant,Total,Person,Total,Austria,2024,22220,,
ESTAT:TPS00191(1.0),31/07/25 23:00:00,Annual,Extra-EU27 (from 2020),First time applicant,Total,Person,Total,Belgium,2013,11965,,
ESTAT:TPS00191(1.0),31/07/25 23:00:00,Annual,Extra-EU27 (from 2020),First time applicant,Total,Person,Total,Belgium,2014,14045,,
ESTAT:TPS00191(1.0),31/07/25 23:00:00,Annual,Extra-EU27 (from 2020),First time applicant,Total,Person,Total,Belgium,2015,38990,,
ESTAT:TPS00191(1.0),31/07/25 23:00:00,Annual,Extra-EU27 (from 2020),First time applicant,Total,Person,Total,Belgium,2016,14250,,
ESTAT:TPS00191(1.0),31/07/25 23:00:00,Annual,Extra-EU27 (from 2020),First time applicant,Total,Person,Total,Belgium,2017,14035,,
ESTAT:TPS00191(1.0),31/07/25 23:00:00,Annual,Extra-EU27 (from 2020),First time applicant,Total,Person,Total,Belgium,2018,18130,,
ESTAT:TPS00191(1.0),31/07/25 23:00:00,Annual,Extra-EU27 (from 2020),First time applicant,Total,Person,Total,Belgium,2019,23105,,
ESTAT:TPS00191(1.0),31/07/25 23:00:00,Annual,Extra-EU27 (from 2020),First time applicant,Total,Person,Total,Belgium,2020,12905,,
ESTAT:TPS00191(1.0),31/07/25 23:00:00,Annual,Extra-EU27 (from 2020),First time applicant,Total,Person,Total,Belgium,2021,19545,,
ESTAT:TPS00191(1.0),31/07/25 23:00:00,Annual,Extra-EU27 (from 2020),First time applicant,Total,Person,Total,Belgium,2022,32100,,
ESTAT:TPS00191(1.0),31/07/25 23:00:00,Annual,Extra-EU27 (from 2020),First time applicant,Total,Person,Total,Belgium,2023,29260,,
ESTAT:TPS00191(1.0),31/07/25 23:00:00,Annual,Extra-EU27 (from 2020),First time applicant,Total,Person,Total,Belgium,2024,33050,,
ESTAT:TPS00191(1.0),31/07/25 23:00:00,Annual,Extra-EU27 (from 2020),First time applicant,Total,Person,Total,Bulgaria,2013,6980,,
ESTAT:TPS00191(1.0),31/07/25 23:00:00,Annual,Extra-EU27 (from 2020),First time applicant,Total,Person,Total,Bulgaria,2014,10805,,
ESTAT:TPS00191(1.0),31/07/25 23:00:00,Annual,Extra-EU27 (from 2020),First time applicant,Total,Person,Total,Bulgaria,2015,20160,,
ESTAT:TPS00191(1.0),31/07/25 23:00:00,Annual,Extra-EU27 (from 2020),First time applicant,Total,Person,Total,Bulgaria,2016,18990,,
ESTAT:TPS00191(1.0),31/07/25 23:00:00,Annual,Extra-EU27 (from 2020),First time applicant,Total,Person,Total,Bulgaria,2017,3470,,
ESTAT:TPS00191(1.0),31/07/25 23:00:00,Annual,Extra-EU27 (from 2020),First time applicant,Total,Person,Total,Bulgaria,2018,2465,,
ESTAT:TPS00191(1.0),31/07/25 23:00:00,Annual,Extra-EU27 (from 2020),First time applicant,Total,Person,Total,Bulgaria,2019,2075,,
ESTAT:TPS00191(1.0),31/07/25 23:00:00,Annual,Extra-EU27 (from 2020),First time applicant,Total,Person,Total,Bulgaria,2020,3460,,
ESTAT:TPS00191(1.0),31/07/25 23:00:00,Annual,Extra-EU27 (from 2020),First time applicant,Total,Person,Total,Bulgaria,2021,10890,,
ESTAT:TPS00191(1.0),31/07/25 23:00:00,Annual,Extra-EU27 (from 2020),First time applicant,Total,Person,Total,Bulgaria,2022,20260,,
ESTAT:TPS00191(1.0),31/07/25 23:00:00,Annual,Extra-EU27 (from 2020),First time applicant,Total,Person,Total,Bulgaria,2023,22390,,
ESTAT:TPS00191(1.0),31/07/25 23:00:00,Annual,Extra-EU27 (from 2020),First time applicant,Total,Person,Total,Bulgaria,2024,12130,,
ESTAT:TPS00191(1.0),31/07/25 23:00:00,Annual,Extra-EU27 (from 2020),First time applicant,Total,Person,Total,Switzerland,2013,19315,,
ESTAT:TPS00191(1.0),31/07/25 23:00:00,Annual,Extra-EU27 (from 2020),First time applicant,Total,Person,Total,Switzerland,2014,21940,,
ESTAT:TPS00191(1.0),31/07/25 23:00:00,Annual,Extra-EU27 (from 2020),First time applicant,Total,Person,Total,Switzerland,2015,38060,,
ESTAT:TPS00191(1.0),31/07/25 23:00:00,Annual,Extra-EU27 (from 2020),First time applicant,Total,Person,Total,Switzerland,2016,25825,,
ESTAT:TPS00191(1.0),31/07/25 23:00:00,Annual,Extra-EU27 (from 2020),First time applicant,Total,Person,Total,Switzerland,2017,16615,,
ESTAT:TPS00191(1.0),31/07/25 23:00:00,Annual,Extra-EU27 (from 2020),First time applicant,Total,Person,Total,Switzerland,2018,13465,,
ESTAT:TPS00191(1.0),31/07/25 23:00:00,Annual,Extra-EU27 (from 2020),First time applicant,Total,Person,Total,Switzerland,2019,12545,,
ESTAT:TPS00191(1.0),31/07/25 23:00:00,Annual,Extra-EU27 (from 2020),First time applicant,Total,Person,Total,Switzerland,2020,9725,,
ESTAT:TPS00191(1.0),31/07/25 23:00:00,Annual,Extra-EU27 (from 2020),First time applicant,Total,Person,Total,Switzerland,2021,13240,,
ESTAT:TPS00191(1.0),31/07/25 23:00:00,Annual,Extra-EU27 (from 2020),First time applicant,Total,Person,Total,Switzerland,2022,23075,,
ESTAT:TPS00191(1.0),31/07/25 23:00:00,Annual,Extra-EU27 (from 2020),First time applicant,Total,Person,Total,Switzerland,2023,26820,,
ESTAT:TPS00191(1.0),31/07/25 23:00:00,Annual,Extra-EU27 (from 2020),First time applicant,Total,Person,Total,Switzerland,2024,22670,,
ESTAT:TPS00191(1.0),31/07/25 23:00:00,Annual,Extra-EU27 (from 2020),First time applicant,Total,Person,Total,Cyprus,2013,1150,,
ESTAT:TPS00191(1.0),31/07/25 23:00:00,Annual,Extra-EU27 (from 2020),First time applicant,Total,Person,Total,Cyprus,2014,1480,,
ESTAT:TPS00191(1.0),31/07/25 23:00:00,Annual,Extra-EU27 (from 2020),First time applicant,Total,Person,Total,Cyprus,2015,2105,,
ESTAT:TPS00191(1.0),31/07/25 23:00:00,Annual,Extra-EU27 (from 2020),First time applicant,Total,Person,Total,Cyprus,2016,2840,,
ESTAT:TPS00191(1.0),31/07/25 23:00:00,Annual,Extra-EU27 (from 2020),First time applicant,Total,Person,Total,Cyprus,2017,4475,,
ESTAT:TPS00191(1.0),31/07/25 23:00:00,Annual,Extra-EU27 (from 2020),First time applicant,Total,Person,Total,Cyprus,2018,7610,,
ESTAT:TPS00191(1.0),31/07/25 23:00:00,Annual,Extra-EU27 (from 2020),First time applicant,Total,Person,Total,Cyprus,2019,12695,,
ESTAT:TPS00191(1.0),31/07/25 23:00:00,Annual,Extra-EU27 (from 2020),First time applicant,Total,Person,Total,Cyprus,2020,7065,,
ESTAT:TPS00191(1.0),31/07/25 23:00:00,Annual,Extra-EU27 (from 2020),First time applicant,Total,Person,Total,Cyprus,2021,13260,,
ESTAT:TPS00191(1.0),31/07/25 23:00:00,Annual,Extra-EU27 (from 2020),First time applicant,Total,Person,Total,Cyprus,2022,21590,,
ESTAT:TPS00191(1.0),31/07/25 23:00:00,Annual,Extra-EU27 (from 2020),First time applicant,Total,Person,Total,Cyprus,2023,11660,,
ESTAT:TPS00191(1.0),31/07/25 23:00:00,Annual,Extra-EU27 (from 2020),First time applicant,Total,Person,Total,Cyprus,2024,6750,,
ESTAT:TPS00191(1.0),31/07/25 23:00:00,Annual,Extra-EU27 (from 2020),First time applicant,Total,Person,Total,Czechia,2013,490,,
ESTAT:TPS00191(1.0),31/07/25 23:00:00,Annual,Extra-EU27 (from 2020),First time applicant,Total,Person,Total,Czechia,2014,905,,
ESTAT:TPS00191(1.0),31/07/25 23:00:00,Annual,Extra-EU27 (from 2020),First time applicant,Total,Person,Total,Czechia,2015,1235,,
ESTAT:TPS00191(1.0),31/07/25 23:00:00,Annual,Extra-EU27 (from 2020),First time applicant,Total,Person,Total,Czechia,2016,1200,,
ESTAT:TPS00191(1.0),31/07/25 23:00:00,Annual,Extra-EU27 (from 2020),First time applicant,Total,Person,Total,Czechia,2017,1140,,
ESTAT:TPS00191(1.0),31/07/25 23:00:00,Annual,Extra-EU27 (from 2020),First time applicant,Total,Person,Total,Czechia,2018,1350,,
ESTAT:TPS00191(1.0),31/07/25 23:00:00,Annual,Extra-EU27 (from 2020),First time applicant,Total,Person,Total,Czechia,2019,1570,,
ESTAT:TPS00191(1.0),31/07/25 23:00:00,Annual,Extra-EU27 (from 2020),First time applicant,Total,Person,Total,Czechia,2020,790,,
ESTAT:TPS00191(1.0),31/07/25 23:00:00,Annual,Extra-EU27 (from 2020),First time applicant,Total,Person,Total,Czechia,2021,1055,,
ESTAT:TPS00191(1.0),31/07/25 23:00:00,Annual,Extra-EU27 (from 2020),First time applicant,Total,Person,Total,Czechia,2022,1335,,
ESTAT:TPS00191(1.0),31/07/25 23:00:00,Annual,Extra-EU27 (from 2020),First time applicant,Total,Person,Total,Czechia,2023,1130,,
ESTAT:TPS00191(1.0),31/07/25 23:00:00,Annual,Extra-EU27 (from 2020),First time applicant,Total,Person,Total,Czechia,2024,1025,,
ESTAT:TPS00191(1.0),31/07/25 23:00:00,Annual,Extra-EU27 (from 2020),First time applicant,Total,Person,Total,Germany,2013,109375,,
ESTAT:TPS00191(1.0),31/07/25 23:00:00,Annual,Extra-EU27 (from 2020),First time applicant,Total,Person,Total,Germany,2014,172945,,
ESTAT:TPS00191(1.0),31/07/25 23:00:00,Annual,Extra-EU27 (from 2020),First time applicant,Total,Person,Total,Germany,2015,441805,,
ESTAT:TPS00191(1.0),31/07/25 23:00:00,Annual,Extra-EU27 (from 2020),First time applicant,Total,Person,Total,Germany,2016,722270,,
ESTAT:TPS00191(1.0),31/07/25 23:00:00,Annual,Extra-EU27 (from 2020),First time applicant,Total,Person,Total,Germany,2017,198255,,
ESTAT:TPS00191(1.0),31/07/25 23:00:00,Annual,Extra-EU27 (from 2020),First time applicant,Total,Person,Total,Germany,2018,161885,,
ESTAT:TPS00191(1.0),31/07/25 23:00:00,Annual,Extra-EU27 (from 2020),First time applicant,Total,Person,Total,Germany,2019,142450,,
ESTAT:TPS00191(1.0),31/07/25 23:00:00,Annual,Extra-EU27 (from 2020),First time applicant,Total,Person,Total,Germany,2020,102525,,
ESTAT:TPS00191(1.0),31/07/25 23:00:00,Annual,Extra-EU27 (from 2020),First time applicant,Total,Person,Total,Germany,2021,148175,,
ESTAT:TPS00191(1.0),31/07/25 23:00:00,Annual,Extra-EU27 (from 2020),First time applicant,Total,Person,Total,Germany,2022,217735,,
ESTAT:TPS00191(1.0),31/07/25 23:00:00,Annual,Extra-EU27 (from 2020),First time applicant,Total,Person,Total,Germany,2023,329035,,
ESTAT:TPS00191(1.0),31/07/25 23:00:00,Annual,Extra-EU27 (from 2020),First time applicant,Total,Person,Total,Germany,2024,229695,,
ESTAT:TPS00191(1.0),31/07/25 23:00:00,Annual,Extra-EU27 (from 2020),First time applicant,Total,Person,Total,Denmark,2013,7170,,
ESTAT:TPS00191(1.0),31/07/25 23:00:00,Annual,Extra-EU27 (from 2020),First time applicant,Total,Person,Total,Denmark,2014,14535,,
ESTAT:TPS00191(1.0),31/07/25 23:00:00,Annual,Extra-EU27 (from 2020),First time applicant,Total,Person,Total,Denmark,2015,20825,,
ESTAT:TPS00191(1.0),31/07/25 23:00:00,Annual,Extra-EU27 (from 2020),First time applicant,Total,Person,Total,Denmark,2016,6055,,
ESTAT:TPS00191(1.0),31/07/25 23:00:00,Annual,Extra-EU27 (from 2020),First time applicant,Total,Person,Total,Denmark,2017,3125,,
ESTAT:TPS00191(1.0),31/07/25 23:00:00,Annual,Extra-EU27 (from 2020),First time applicant,Total,Person,Total,Denmark,2018,3465,,
ESTAT:TPS00191(1.0),31/07/25 23:00:00,Annual,Extra-EU27 (from 2020),First time applicant,Total,Person,Total,Denmark,2019,2605,,
ESTAT:TPS00191(1.0),31/07/25 23:00:00,Annual,Extra-EU27 (from 2020),First time applicant,Total,Person,Total,Denmark,2020,1420,,
ESTAT:TPS00191(1.0),31/07/25 23:00:00,Annual,Extra-EU27 (from 2020),First time applicant,Total,Person,Total,Denmark,2021,1995,,
ESTAT:TPS00191(1.0),31/07/25 23:00:00,Annual,Extra-EU27 (from 2020),First time applicant,Total,Person,Total,Denmark,2022,4475,,
ESTAT:TPS00191(1.0),31/07/25 23:00:00,Annual,Extra-EU27 (from 2020),First time applicant,Total,Person,Total,Denmark,2023,2355,,
ESTAT:TPS00191(1.0),31/07/25 23:00:00,Annual,Extra-EU27 (from 2020),First time applicant,Total,Person,Total,Denmark,2024,2180,,
ESTAT:TPS00191(1.0),31/07/25 23:00:00,Annual,Extra-EU27 (from 2020),First time applicant,Total,Person,Total,Estonia,2013,95,,
ESTAT:TPS00191(1.0),31/07/25 23:00:00,Annual,Extra-EU27 (from 2020),First time applicant,Total,Person,Total,Estonia,2014,145,,
ESTAT:TPS00191(1.0),31/07/25 23:00:00,Annual,Extra-EU27 (from 2020),First time applicant,Total,Person,Total,Estonia,2015,225,,
ESTAT:TPS00191(1.0),31/07/25 23:00:00,Annual,Extra-EU27 (from 2020),First time applicant,Total,Person,Total,Estonia,2016,150,,
ESTAT:TPS00191(1.0),31/07/25 23:00:00,Annual,Extra-EU27 (from 2020),First time applicant,Total,Person,Total,Estonia,2017,180,,
ESTAT:TPS00191(1.0),31/07/25 23:00:00,Annual,Extra-EU27 (from 2020),First time applicant,Total,Person,Total,Estonia,2018,90,,
ESTAT:TPS00191(1.0),31/07/25 23:00:00,Annual,Extra-EU27 (from 2020),First time applicant,Total,Person,Total,Estonia,2019,100,,
ESTAT:TPS00191(1.0),31/07/25 23:00:00,Annual,Extra-EU27 (from 2020),First time applicant,Total,Person,Total,Estonia,2020,45,,
ESTAT:TPS00191(1.0),31/07/25 23:00:00,Annual,Extra-EU27 (from 2020),First time applicant,Total,Person,Total,Estonia,2021,75,,
ESTAT:TPS00191(1.0),31/07/25 23:00:00,Annual,Extra-EU27 (from 2020),First time applicant,Total,Person,Total,Estonia,2022,2940,,
ESTAT:TPS00191(1.0),31/07/25 23:00:00,Annual,Extra-EU27 (from 2020),First time applicant,Total,Person,Total,Estonia,2023,3980,,
ESTAT:TPS00191(1.0),31/07/25 23:00:00,Annual,Extra-EU27 (from 2020),First time applicant,Total,Person,Total,Estonia,2024,1330,,
ESTAT:TPS00191(1.0),31/07/25 23:00:00,Annual,Extra-EU27 (from 2020),First time applicant,Total,Person,Total,Greece,2013,7860,,
ESTAT:TPS00191(1.0),31/07/25 23:00:00,Annual,Extra-EU27 (from 2020),First time applicant,Total,Person,Total,Greece,2014,7585,,
ESTAT:TPS00191(1.0),31/07/25 23:00:00,Annual,Extra-EU27 (from 2020),First time applicant,Total,Person,Total,Greece,2015,11370,,
ESTAT:TPS00191(1.0),31/07/25 23:00:00,Annual,Extra-EU27 (from 2020),First time applicant,Total,Person,Total,Greece,2016,49875,,
ESTAT:TPS00191(1.0),31/07/25 23:00:00,Annual,Extra-EU27 (from 2020),First time applicant,Total,Person,Total,Greece,2017,56940,,
ESTAT:TPS00191(1.0),31/07/25 23:00:00,Annual,Extra-EU27 (from 2020),First time applicant,Total,Person,Total,Greece,2018,64975,,
ESTAT:TPS00191(1.0),31/07/25 23:00:00,Annual,Extra-EU27 (from 2020),First time applicant,Total,Person,Total,Greece,2019,74910,,
ESTAT:TPS00191(1.0),31/07/25 23:00:00,Annual,Extra-EU27 (from 2020),First time applicant,Total,Person,Total,Greece,2020,37860,,
ESTAT:TPS00191(1.0),31/07/25 23:00:00,Annual,Extra-EU27 (from 2020),First time applicant,Total,Person,Total,Greece,2021,22660,,
ESTAT:TPS00191(1.0),31/07/25 23:00:00,Annual,Extra-EU27 (from 2020),First time applicant,Total,Person,Total,Greece,2022,29125,,
ESTAT:TPS00191(1.0),31/07/25 23:00:00,Annual,Extra-EU27 (from 2020),First time applicant,Total,Person,Total,Greece,2023,57895,,
ESTAT:TPS00191(1.0),31/07/25 23:00:00,Annual,Extra-EU27 (from 2020),First time applicant,Total,Person,Total,Greece,2024,68995,,
ESTAT:TPS00191(1.0),31/07/25 23:00:00,Annual,Extra-EU27 (from 2020),First time applicant,Total,Person,Total,Spain,2013,4285,,
ESTAT:TPS00191(1.0),31/07/25 23:00:00,Annual,Extra-EU27 (from 2020),First time applicant,Total,Person,Total,Spain,2014,5460,,
ESTAT:TPS00191(1.0),31/07/25 23:00:00,Annual,Extra-EU27 (from 2020),First time applicant,Total,Person,Total,Spain,2015,14600,,
ESTAT:TPS00191(1.0),31/07/25 23:00:00,Annual,Extra-EU27 (from 2020),First time applicant,Total,Person,Total,Spain,2016,15570,,
ESTAT:TPS00191(1.0),31/07/25 23:00:00,Annual,Extra-EU27 (from 2020),First time applicant,Total,Person,Total,Spain,2017,33035,,
ESTAT:TPS00191(1.0),31/07/25 23:00:00,Annual,Extra-EU27 (from 2020),First time applicant,Total,Person,Total,Spain,2018,52730,,
ESTAT:TPS00191(1.0),31/07/25 23:00:00,Annual,Extra-EU27 (from 2020),First time applicant,Total,Person,Total,Spain,2019,115175,,
ESTAT:TPS00191(1.0),31/07/25 23:00:00,Annual,Extra-EU27 (from 2020),First time applicant,Total,Person,Total,Spain,2020,86380,,
ESTAT:TPS00191(1.0),31/07/25 23:00:00,Annual,Extra-EU27 (from 2020),First time applicant,Total,Person,Total,Spain,2021,62050,,
ESTAT:TPS00191(1.0),31/07/25 23:00:00,Annual,Extra-EU27 (from 2020),First time applicant,Total,Person,Total,Spain,2022,116135,,
ESTAT:TPS00191(1.0),31/07/25 23:00:00,Annual,Extra-EU27 (from 2020),First time applicant,Total,Person,Total,Spain,2023,160460,,
ESTAT:TPS00191(1.0),31/07/25 23:00:00,Annual,Extra-EU27 (from 2020),First time applicant,Total,Person,Total,Spain,2024,164010,,
ESTAT:TPS00191(1.0),31/07/25 23:00:00,Annual,Extra-EU27 (from 2020),First time applicant,Total,Person,Total,European Union - 27 countries (from 2020),2014,530560,,
ESTAT:TPS00191(1.0),31/07/25 23:00:00,Annual,Extra-EU27 (from 2020),First time applicant,Total,Person,Total,European Union - 27 countries (from 2020),2015,1216860,,
ESTAT:TPS00191(1.0),31/07/25 23:00:00,Annual,Extra-EU27 (from 2020),First time applicant,Total,Person,Total,European Union - 27 countries (from 2020),2016,1166815,,
ESTAT:TPS00191(1.0),31/07/25 23:00:00,Annual,Extra-EU27 (from 2020),First time applicant,Total,Person,Total,European Union - 27 countries (from 2020),2017,620265,,
ESTAT:TPS00191(1.0),31/07/25 23:00:00,Annual,Extra-EU27 (from 2020),First time applicant,Total,Person,Total,European Union - 27 countries (from 2020),2018,564680,,
ESTAT:TPS00191(1.0),31/07/25 23:00:00,Annual,Extra-EU27 (from 2020),First time applicant,Total,Person,Total,European Union - 27 countries (from 2020),2019,628930,,
ESTAT:TPS00191(1.0),31/07/25 23:00:00,Annual,Extra-EU27 (from 2020),First time applicant,Total,Person,Total,European Union - 27 countries (from 2020),2020,415235,,
ESTAT:TPS00191(1.0),31/07/25 23:00:00,Annual,Extra-EU27 (from 2020),First time applicant,Total,Person,Total,European Union - 27 countries (from 2020),2021,535985,,
ESTAT:TPS00191(1.0),31/07/25 23:00:00,Annual,Extra-EU27 (from 2020),First time applicant,Total,Person,Total,European Union - 27 countries (from 2020),2022,873680,,
ESTAT:TPS00191(1.0),31/07/25 23:00:00,Annual,Extra-EU27 (from 2020),First time applicant,Total,Person,Total,European Union - 27 countries (from 2020),2023,1049510,,
ESTAT:TPS00191(1.0),31/07/25 23:00:00,Annual,Extra-EU27 (from 2020),First time applicant,Total,Person,Total,European Union - 27 countries (from 2020),2024,911375,,
ESTAT:TPS00191(1.0),31/07/25 23:00:00,Annual,Extra-EU27 (from 2020),First time applicant,Total,Person,Total,Finland,2013,2985,,
ESTAT:TPS00191(1.0),31/07/25 23:00:00,Annual,Extra-EU27 (from 2020),First time applicant,Total,Person,Total,Finland,2014,3490,,
ESTAT:TPS00191(1.0),31/07/25 23:00:00,Annual,Extra-EU27 (from 2020),First time applicant,Total,Person,Total,Finland,2015,32150,,
ESTAT:TPS00191(1.0),31/07/25 23:00:00,Annual,Extra-EU27 (from 2020),First time applicant,Total,Person,Total,Finland,2016,5275,,
ESTAT:TPS00191(1.0),31/07/25 23:00:00,Annual,Extra-EU27 (from 2020),First time applicant,Total,Person,Total,Finland,2017,4330,,
ESTAT:TPS00191(1.0),31/07/25 23:00:00,Annual,Extra-EU27 (from 2020),First time applicant,Total,Person,Total,Finland,2018,2950,,
ESTAT:TPS00191(1.0),31/07/25 23:00:00,Annual,Extra-EU27 (from 2020),First time applicant,Total,Person,Total,Finland,2019,2445,,
ESTAT:TPS00191(1.0),31/07/25 23:00:00,Annual,Extra-EU27 (from 2020),First time applicant,Total,Person,Total,Finland,2020,1445,,
ESTAT:TPS00191(1.0),31/07/25 23:00:00,Annual,Extra-EU27 (from 2020),First time applicant,Total,Person,Total,Finland,2021,1355,,
ESTAT:TPS00191(1.0),31/07/25 23:00:00,Annual,Extra-EU27 (from 2020),First time applicant,Total,Person,Total,Finland,2022,4815,,
ESTAT:TPS00191(1.0),31/07/25 23:00:00,Annual,Extra-EU27 (from 2020),First time applicant,Total,Person,Total,Finland,2023,4450,,
ESTAT:TPS00191(1.0),31/07/25 23:00:00,Annual,Extra-EU27 (from 2020),First time applicant,Total,Person,Total,Finland,2024,2260,,
ESTAT:TPS00191(1.0),31/07/25 23:00:00,Annual,Extra-EU27 (from 2020),First time applicant,Total,Person,Total,France,2013,60475,,
ESTAT:TPS00191(1.0),31/07/25 23:00:00,Annual,Extra-EU27 (from 2020),First time applicant,Total,Person,Total,France,2014,58845,,
ESTAT:TPS00191(1.0),31/07/25 23:00:00,Annual,Extra-EU27 (from 2020),First time applicant,Total,Person,Total,France,2015,70570,,
ESTAT:TPS00191(1.0),31/07/25 23:00:00,Annual,Extra-EU27 (from 2020),First time applicant,Total,Person,Total,France,2016,76790,,
ESTAT:TPS00191(1.0),31/07/25 23:00:00,Annual,Extra-EU27 (from 2020),First time applicant,Total,Person,Total,France,2017,91965,,
ESTAT:TPS00191(1.0),31/07/25 23:00:00,Annual,Extra-EU27 (from 2020),First time applicant,Total,Person,Total,France,2018,126580,,
ESTAT:TPS00191(1.0),31/07/25 23:00:00,Annual,Extra-EU27 (from 2020),First time applicant,Total,Person,Total,France,2019,138290,,
ESTAT:TPS00191(1.0),31/07/25 23:00:00,Annual,Extra-EU27 (from 2020),First time applicant,Total,Person,Total,France,2020,81735,,
ESTAT:TPS00191(1.0),31/07/25 23:00:00,Annual,Extra-EU27 (from 2020),First time applicant,Total,Person,Total,France,2021,103790,,
ESTAT:TPS00191(1.0),31/07/25 23:00:00,Annual,Extra-EU27 (from 2020),First time applicant,Total,Person,Total,France,2022,137510,,
ESTAT:TPS00191(1.0),31/07/25 23:00:00,Annual,Extra-EU27 (from 2020),First time applicant,Total,Person,Total,France,2023,145055,,
ESTAT:TPS00191(1.0),31/07/25 23:00:00,Annual,Extra-EU27 (from 2020),First time applicant,Total,Person,Total,France,2024,129820,,
ESTAT:TPS00191(1.0),31/07/25 23:00:00,Annual,Extra-EU27 (from 2020),First time applicant,Total,Person,Total,Croatia,2013,1045,,
ESTAT:TPS00191(1.0),31/07/25 23:00:00,Annual,Extra-EU27 (from 2020),First time applicant,Total,Person,Total,Croatia,2014,380,,
ESTAT:TPS00191(1.0),31/07/25 23:00:00,Annual,Extra-EU27 (from 2020),First time applicant,Total,Person,Total,Croatia,2015,140,,
ESTAT:TPS00191(1.0),31/07/25 23:00:00,Annual,Extra-EU27 (from 2020),First time applicant,Total,Person,Total,Croatia,2016,2150,,
ESTAT:TPS00191(1.0),31/07/25 23:00:00,Annual,Extra-EU27 (from 2020),First time applicant,Total,Person,Total,Croatia,2017,880,,
ESTAT:TPS00191(1.0),31/07/25 23:00:00,Annual,Extra-EU27 (from 2020),First time applicant,Total,Person,Total,Croatia,2018,675,,
ESTAT:TPS00191(1.0),31/07/25 23:00:00,Annual,Extra-EU27 (from 2020),First time applicant,Total,Person,Total,Croatia,2019,1265,,
ESTAT:TPS00191(1.0),31/07/25 23:00:00,Annual,Extra-EU27 (from 2020),First time applicant,Total,Person,Total,Croatia,2020,1540,,
ESTAT:TPS00191(1.0),31/07/25 23:00:00,Annual,Extra-EU27 (from 2020),First time applicant,Total,Person,Total,Croatia,2021,2480,,
ESTAT:TPS00191(1.0),31/07/25 23:00:00,Annual,Extra-EU27 (from 2020),First time applicant,Total,Person,Total,Croatia,2022,2660,,
ESTAT:TPS00191(1.0),31/07/25 23:00:00,Annual,Extra-EU27 (from 2020),First time applicant,Total,Person,Total,Croatia,2023,1635,,
ESTAT:TPS00191(1.0),31/07/25 23:00:00,Annual,Extra-EU27 (from 2020),First time applicant,Total,Person,Total,Croatia,2024,1000,,
ESTAT:TPS00191(1.0),31/07/25 23:00:00,Annual,Extra-EU27 (from 2020),First time applicant,Total,Person,Total,Hungary,2013,18565,,
ESTAT:TPS00191(1.0),31/07/25 23:00:00,Annual,Extra-EU27 (from 2020),First time applicant,Total,Person,Total,Hungary,2014,41215,,
ESTAT:TPS00191(1.0),31/07/25 23:00:00,Annual,Extra-EU27 (from 2020),First time applicant,Total,Person,Total,Hungary,2015,174435,,
ESTAT:TPS00191(1.0),31/07/25 23:00:00,Annual,Extra-EU27 (from 2020),First time applicant,Total,Person,Total,Hungary,2016,28215,,
ESTAT:TPS00191(1.0),31/07/25 23:00:00,Annual,Extra-EU27 (from 2020),First time applicant,Total,Person,Total,Hungary,2017,3115,,
ESTAT:TPS00191(1.0),31/07/25 23:00:00,Annual,Extra-EU27 (from 2020),First time applicant,Total,Person,Total,Hungary,2018,635,,
ESTAT:TPS00191(1.0),31/07/25 23:00:00,Annual,Extra-EU27 (from 2020),First time applicant,Total,Person,Total,Hungary,2019,465,,
ESTAT:TPS00191(1.0),31/07/25 23:00:00,Annual,Extra-EU27 (from 2020),First time applicant,Total,Person,Total,Hungary,2020,90,,
ESTAT:TPS00191(1.0),31/07/25 23:00:00,Annual,Extra-EU27 (from 2020),First time applicant,Total,Person,Total,Hungary,2021,40,,
ESTAT:TPS00191(1.0),31/07/25 23:00:00,Annual,Extra-EU27 (from 2020),First time applicant,Total,Person,Total,Hungary,2022,45,,
ESTAT:TPS00191(1.0),31/07/25 23:00:00,Annual,Extra-EU27 (from 2020),First time applicant,Total,Person,Total,Hungary,2023,30,,
ESTAT:TPS00191(1.0),31/07/25 23:00:00,Annual,Extra-EU27 (from 2020),First time applicant,Total,Person,Total,Hungary,2024,25,,
ESTAT:TPS00191(1.0),31/07/25 23:00:00,Annual,Extra-EU27 (from 2020),First time applicant,Total,Person,Total,Ireland,2013,940,,
ESTAT:TPS00191(1.0),31/07/25 23:00:00,Annual,Extra-EU27 (from 2020),First time applicant,Total,Person,Total,Ireland,2014,1440,,
ESTAT:TPS00191(1.0),31/07/25 23:00:00,Annual,Extra-EU27 (from 2020),First time applicant,Total,Person,Total,Ireland,2015,3270,,
ESTAT:TPS00191(1.0),31/07/25 23:00:00,Annual,Extra-EU27 (from 2020),First time applicant,Total,Person,Total,Ireland,2016,2235,,
ESTAT:TPS00191(1.0),31/07/25 23:00:00,Annual,Extra-EU27 (from 2020),First time applicant,Total,Person,Total,Ireland,2017,2910,,
ESTAT:TPS00191(1.0),31/07/25 23:00:00,Annual,Extra-EU27 (from 2020),First time applicant,Total,Person,Total,Ireland,2018,3655,,
ESTAT:TPS00191(1.0),31/07/25 23:00:00,Annual,Extra-EU27 (from 2020),First time applicant,Total,Person,Total,Ireland,2019,4740,,
ESTAT:TPS00191(1.0),31/07/25 23:00:00,Annual,Extra-EU27 (from 2020),First time applicant,Total,Person,Total,Ireland,2020,1535,,
ESTAT:TPS00191(1.0),31/07/25 23:00:00,Annual,Extra-EU27 (from 2020),First time applicant,Total,Person,Total,Ireland,2021,2615,,
ESTAT:TPS00191(1.0),31/07/25 23:00:00,Annual,Extra-EU27 (from 2020),First time applicant,Total,Person,Total,Ireland,2022,13645,,
ESTAT:TPS00191(1.0),31/07/25 23:00:00,Annual,Extra-EU27 (from 2020),First time applicant,Total,Person,Total,Ireland,2023,13220,,
ESTAT:TPS00191(1.0),31/07/25 23:00:00,Annual,Extra-EU27 (from 2020),First time applicant,Total,Person,Total,Ireland,2024,18435,,
ESTAT:TPS00191(1.0),31/07/25 23:00:00,Annual,Extra-EU27 (from 2020),First time applicant,Total,Person,Total,Iceland,2015,360,,
ESTAT:TPS00191(1.0),31/07/25 23:00:00,Annual,Extra-EU27 (from 2020),First time applicant,Total,Person,Total,Iceland,2016,1100,,
ESTAT:TPS00191(1.0),31/07/25 23:00:00,Annual,Extra-EU27 (from 2020),First time applicant,Total,Person,Total,Iceland,2017,1065,,
ESTAT:TPS00191(1.0),31/07/25 23:00:00,Annual,Extra-EU27 (from 2020),First time applicant,Total,Person,Total,Iceland,2018,730,,
ESTAT:TPS00191(1.0),31/07/25 23:00:00,Annual,Extra-EU27 (from 2020),First time applicant,Total,Person,Total,Iceland,2019,805,,
ESTAT:TPS00191(1.0),31/07/25 23:00:00,Annual,Extra-EU27 (from 2020),First time applicant,Total,Person,Total,Iceland,2020,625,,
ESTAT:TPS00191(1.0),31/07/25 23:00:00,Annual,Extra-EU27 (from 2020),First time applicant,Total,Person,Total,Iceland,2021,865,,
ESTAT:TPS00191(1.0),31/07/25 23:00:00,Annual,Extra-EU27 (from 2020),First time applicant,Total,Person,Total,Iceland,2022,4530,,
ESTAT:TPS00191(1.0),31/07/25 23:00:00,Annual,Extra-EU27 (from 2020),First time applicant,Total,Person,Total,Iceland,2023,4120,,
ESTAT:TPS00191(1.0),31/07/25 23:00:00,Annual,Extra-EU27 (from 2020),First time applicant,Total,Person,Total,Iceland,2024,1860,,
ESTAT:TPS00191(1.0),31/07/25 23:00:00,Annual,Extra-EU27 (from 2020),First time applicant,Total,Person,Total,Italy,2013,25720,,
ESTAT:TPS00191(1.0),31/07/25 23:00:00,Annual,Extra-EU27 (from 2020),First time applicant,Total,Person,Total,Italy,2014,63655,,
ESTAT:TPS00191(1.0),31/07/25 23:00:00,Annual,Extra-EU27 (from 2020),First time applicant,Total,Person,Total,Italy,2015,82790,,
ESTAT:TPS00191(1.0),31/07/25 23:00:00,Annual,Extra-EU27 (from 2020),First time applicant,Total,Person,Total,Italy,2016,121185,,
ESTAT:TPS00191(1.0),31/07/25 23:00:00,Annual,Extra-EU27 (from 2020),First time applicant,Total,Person,Total,Italy,2017,126550,,
ESTAT:TPS00191(1.0),31/07/25 23:00:00,Annual,Extra-EU27 (from 2020),First time applicant,Total,Person,Total,Italy,2018,53440,,
ESTAT:TPS00191(1.0),31/07/25 23:00:00,Annual,Extra-EU27 (from 2020),First time applicant,Total,Person,Total,Italy,2019,35005,,
ESTAT:TPS00191(1.0),31/07/25 23:00:00,Annual,Extra-EU27 (from 2020),First time applicant,Total,Person,Total,Italy,2020,21330,,
ESTAT:TPS00191(1.0),31/07/25 23:00:00,Annual,Extra-EU27 (from 2020),First time applicant,Total,Person,Total,Italy,2021,45200,,
ESTAT:TPS00191(1.0),31/07/25 23:00:00,Annual,Extra-EU27 (from 2020),First time applicant,Total,Person,Total,Italy,2022,77200,,
ESTAT:TPS00191(1.0),31/07/25 23:00:00,Annual,Extra-EU27 (from 2020),First time applicant,Total,Person,Total,Italy,2023,130565,,
ESTAT:TPS00191(1.0),31/07/25 23:00:00,Annual,Extra-EU27 (from 2020),First time applicant,Total,Person,Total,Italy,2024,151120,,
ESTAT:TPS00191(1.0),31/07/25 23:00:00,Annual,Extra-EU27 (from 2020),First time applicant,Total,Person,Total,Liechtenstein,2016,75,,
ESTAT:TPS00191(1.0),31/07/25 23:00:00,Annual,Extra-EU27 (from 2020),First time applicant,Total,Person,Total,Liechtenstein,2017,145,,
ESTAT:TPS00191(1.0),31/07/25 23:00:00,Annual,Extra-EU27 (from 2020),First time applicant,Total,Person,Total,Liechtenstein,2018,145,,
ESTAT:TPS00191(1.0),31/07/25 23:00:00,Annual,Extra-EU27 (from 2020),First time applicant,Total,Person,Total,Liechtenstein,2019,40,,
ESTAT:TPS00191(1.0),31/07/25 23:00:00,Annual,Extra-EU27 (from 2020),First time applicant,Total,Person,Total,Liechtenstein,2020,25,,
ESTAT:TPS00191(1.0),31/07/25 23:00:00,Annual,Extra-EU27 (from 2020),First time applicant,Total,Person,Total,Liechtenstein,2021,80,,
ESTAT:TPS00191(1.0),31/07/25 23:00:00,Annual,Extra-EU27 (from 2020),First time applicant,Total,Person,Total,Liechtenstein,2022,70,,
ESTAT:TPS00191(1.0),31/07/25 23:00:00,Annual,Extra-EU27 (from 2020),First time applicant,Total,Person,Total,Liechtenstein,2023,70,,
ESTAT:TPS00191(1.0),31/07/25 23:00:00,Annual,Extra-EU27 (from 2020),First time applicant,Total,Person,Total,Liechtenstein,2024,75,,
ESTAT:TPS00191(1.0),31/07/25 23:00:00,Annual,Extra-EU27 (from 2020),First time applicant,Total,Person,Total,Lithuania,2013,250,,
ESTAT:TPS00191(1.0),31/07/25 23:00:00,Annual,Extra-EU27 (from 2020),First time applicant,Total,Person,Total,Lithuania,2014,385,,
ESTAT:TPS00191(1.0),31/07/25 23:00:00,Annual,Extra-EU27 (from 2020),First time applicant,Total,Person,Total,Lithuania,2015,275,,
ESTAT:TPS00191(1.0),31/07/25 23:00:00,Annual,Extra-EU27 (from 2020),First time applicant,Total,Person,Total,Lithuania,2016,415,,
ESTAT:TPS00191(1.0),31/07/25 23:00:00,Annual,Extra-EU27 (from 2020),First time applicant,Total,Person,Total,Lithuania,2017,520,,
ESTAT:TPS00191(1.0),31/07/25 23:00:00,Annual,Extra-EU27 (from 2020),First time applicant,Total,Person,Total,Lithuania,2018,385,,
ESTAT:TPS00191(1.0),31/07/25 23:00:00,Annual,Extra-EU27 (from 2020),First time applicant,Total,Person,Total,Lithuania,2019,625,,
ESTAT:TPS00191(1.0),31/07/25 23:00:00,Annual,Extra-EU27 (from 2020),First time applicant,Total,Person,Total,Lithuania,2020,260,,
ESTAT:TPS00191(1.0),31/07/25 23:00:00,Annual,Extra-EU27 (from 2020),First time applicant,Total,Person,Total,Lithuania,2021,3905,,
ESTAT:TPS00191(1.0),31/07/25 23:00:00,Annual,Extra-EU27 (from 2020),First time applicant,Total,Person,Total,Lithuania,2022,905,,
ESTAT:TPS00191(1.0),31/07/25 23:00:00,Annual,Extra-EU27 (from 2020),First time applicant,Total,Person,Total,Lithuania,2023,510,,
ESTAT:TPS00191(1.0),31/07/25 23:00:00,Annual,Extra-EU27 (from 2020),First time applicant,Total,Person,Total,Lithuania,2024,295,,
ESTAT:TPS00191(1.0),31/07/25 23:00:00,Annual,Extra-EU27 (from 2020),First time applicant,Total,Person,Total,Luxembourg,2013,990,,
ESTAT:TPS00191(1.0),31/07/25 23:00:00,Annual,Extra-EU27 (from 2020),First time applicant,Total,Person,Total,Luxembourg,2014,1030,,
ESTAT:TPS00191(1.0),31/07/25 23:00:00,Annual,Extra-EU27 (from 2020),First time applicant,Total,Person,Total,Luxembourg,2015,2360,,
ESTAT:TPS00191(1.0),31/07/25 23:00:00,Annual,Extra-EU27 (from 2020),First time applicant,Total,Person,Total,Luxembourg,2016,2065,,
ESTAT:TPS00191(1.0),31/07/25 23:00:00,Annual,Extra-EU27 (from 2020),First time applicant,Total,Person,Total,Luxembourg,2017,2320,,
ESTAT:TPS00191(1.0),31/07/25 23:00:00,Annual,Extra-EU27 (from 2020),First time applicant,Total,Person,Total,Luxembourg,2018,2225,,
ESTAT:TPS00191(1.0),31/07/25 23:00:00,Annual,Extra-EU27 (from 2020),First time applicant,Total,Person,Total,Luxembourg,2019,2200,,
ESTAT:TPS00191(1.0),31/07/25 23:00:00,Annual,Extra-EU27 (from 2020),First time applicant,Total,Person,Total,Luxembourg,2020,1295,,
ESTAT:TPS00191(1.0),31/07/25 23:00:00,Annual,Extra-EU27 (from 2020),First time applicant,Total,Person,Total,Luxembourg,2021,1365,,
ESTAT:TPS00191(1.0),31/07/25 23:00:00,Annual,Extra-EU27 (from 2020),First time applicant,Total,Person,Total,Luxembourg,2022,2405,,
ESTAT:TPS00191(1.0),31/07/25 23:00:00,Annual,Extra-EU27 (from 2020),First time applicant,Total,Person,Total,Luxembourg,2023,2615,,
ESTAT:TPS00191(1.0),31/07/25 23:00:00,Annual,Extra-EU27 (from 2020),First time applicant,Total,Person,Total,Luxembourg,2024,2125,,
ESTAT:TPS00191(1.0),31/07/25 23:00:00,Annual,Extra-EU27 (from 2020),First time applicant,Total,Person,Total,Latvia,2013,185,,
ESTAT:TPS00191(1.0),31/07/25 23:00:00,Annual,Extra-EU27 (from 2020),First time applicant,Total,Person,Total,Latvia,2014,365,,
ESTAT:TPS00191(1.0),31/07/25 23:00:00,Annual,Extra-EU27 (from 2020),First time applicant,Total,Person,Total,Latvia,2015,330,,
ESTAT:TPS00191(1.0),31/07/25 23:00:00,Annual,Extra-EU27 (from 2020),First time applicant,Total,Person,Total,Latvia,2016,345,,
ESTAT:TPS00191(1.0),31/07/25 23:00:00,Annual,Extra-EU27 (from 2020),First time applicant,Total,Person,Total,Latvia,2017,355,,
ESTAT:TPS00191(1.0),31/07/25 23:00:00,Annual,Extra-EU27 (from 2020),First time applicant,Total,Person,Total,Latvia,2018,175,,
ESTAT:TPS00191(1.0),31/07/25 23:00:00,Annual,Extra-EU27 (from 2020),First time applicant,Total,Person,Total,Latvia,2019,180,,
ESTAT:TPS00191(1.0),31/07/25 23:00:00,Annual,Extra-EU27 (from 2020),First time applicant,Total,Person,Total,Latvia,2020,145,,
ESTAT:TPS00191(1.0),31/07/25 23:00:00,Annual,Extra-EU27 (from 2020),First time applicant,Total,Person,Total,Latvia,2021,580,,
ESTAT:TPS00191(1.0),31/07/25 23:00:00,Annual,Extra-EU27 (from 2020),First time applicant,Total,Person,Total,Latvia,2022,545,,
ESTAT:TPS00191(1.0),31/07/25 23:00:00,Annual,Extra-EU27 (from 2020),First time applicant,Total,Person,Total,Latvia,2023,1625,,
ESTAT:TPS00191(1.0),31/07/25 23:00:00,Annual,Extra-EU27 (from 2020),First time applicant,Total,Person,Total,Latvia,2024,800,,
ESTAT:TPS00191(1.0),31/07/25 23:00:00,Annual,Extra-EU27 (from 2020),First time applicant,Total,Person,Total,Montenegro,2018,3100,,
ESTAT:TPS00191(1.0),31/07/25 23:00:00,Annual,Extra-EU27 (from 2020),First time applicant,Total,Person,Total,Montenegro,2019,1920,,
ESTAT:TPS00191(1.0),31/07/25 23:00:00,Annual,Extra-EU27 (from 2020),First time applicant,Total,Person,Total,Montenegro,2020,540,,
ESTAT:TPS00191(1.0),31/07/25 23:00:00,Annual,Extra-EU27 (from 2020),First time applicant,Total,Person,Total,Montenegro,2021,270,,
ESTAT:TPS00191(1.0),31/07/25 23:00:00,Annual,Extra-EU27 (from 2020),First time applicant,Total,Person,Total,Montenegro,2022,175,,
ESTAT:TPS00191(1.0),31/07/25 23:00:00,Annual,Extra-EU27 (from 2020),First time applicant,Total,Person,Total,Montenegro,2023,145,,
ESTAT:TPS00191(1.0),31/07/25 23:00:00,Annual,Extra-EU27 (from 2020),First time applicant,Total,Person,Total,Montenegro,2024,125,,
ESTAT:TPS00191(1.0),31/07/25 23:00:00,Annual,Extra-EU27 (from 2020),First time applicant,Total,Person,Total,Malta,2013,2200,,
ESTAT:TPS00191(1.0),31/07/25 23:00:00,Annual,Extra-EU27 (from 2020),First time applicant,Total,Person,Total,Malta,2014,1275,,
ESTAT:TPS00191(1.0),31/07/25 23:00:00,Annual,Extra-EU27 (from 2020),First time applicant,Total,Person,Total,Malta,2015,1695,,
ESTAT:TPS00191(1.0),31/07/25 23:00:00,Annual,Extra-EU27 (from 2020),First time applicant,Total,Person,Total,Malta,2016,1735,,
ESTAT:TPS00191(1.0),31/07/25 23:00:00,Annual,Extra-EU27 (from 2020),First time applicant,Total,Person,Total,Malta,2017,1610,,
ESTAT:TPS00191(1.0),31/07/25 23:00:00,Annual,Extra-EU27 (from 2020),First time applicant,Total,Person,Total,Malta,2018,2035,,
ESTAT:TPS00191(1.0),31/07/25 23:00:00,Annual,Extra-EU27 (from 2020),First time applicant,Total,Person,Total,Malta,2019,4015,,
ESTAT:TPS00191(1.0),31/07/25 23:00:00,Annual,Extra-EU27 (from 2020),First time applicant,Total,Person,Total,Malta,2020,2410,,
ESTAT:TPS00191(1.0),31/07/25 23:00:00,Annual,Extra-EU27 (from 2020),First time applicant,Total,Person,Total,Malta,2021,1200,,
ESTAT:TPS00191(1.0),31/07/25 23:00:00,Annual,Extra-EU27 (from 2020),First time applicant,Total,Person,Total,Malta,2022,915,,
ESTAT:TPS00191(1.0),31/07/25 23:00:00,Annual,Extra-EU27 (from 2020),First time applicant,Total,Person,Total,Malta,2023,490,,
ESTAT:TPS00191(1.0),31/07/25 23:00:00,Annual,Extra-EU27 (from 2020),First time applicant,Total,Person,Total,Malta,2024,440,,
ESTAT:TPS00191(1.0),31/07/25 23:00:00,Annual,Extra-EU27 (from 2020),First time applicant,Total,Person,Total,Netherlands,2013,9815,,
ESTAT:TPS00191(1.0),31/07/25 23:00:00,Annual,Extra-EU27 (from 2020),First time applicant,Total,Person,Total,Netherlands,2014,21780,,
ESTAT:TPS00191(1.0),31/07/25 23:00:00,Annual,Extra-EU27 (from 2020),First time applicant,Total,Person,Total,Netherlands,2015,43035,,
ESTAT:TPS00191(1.0),31/07/25 23:00:00,Annual,Extra-EU27 (from 2020),First time applicant,Total,Person,Total,Netherlands,2016,19285,,
ESTAT:TPS00191(1.0),31/07/25 23:00:00,Annual,Extra-EU27 (from 2020),First time applicant,Total,Person,Total,Netherlands,2017,16090,,
ESTAT:TPS00191(1.0),31/07/25 23:00:00,Annual,Extra-EU27 (from 2020),First time applicant,Total,Person,Total,Netherlands,2018,20465,,
ESTAT:TPS00191(1.0),31/07/25 23:00:00,Annual,Extra-EU27 (from 2020),First time applicant,Total,Person,Total,Netherlands,2019,22485,,
ESTAT:TPS00191(1.0),31/07/25 23:00:00,Annual,Extra-EU27 (from 2020),First time applicant,Total,Person,Total,Netherlands,2020,13660,,
ESTAT:TPS00191(1.0),31/07/25 23:00:00,Annual,Extra-EU27 (from 2020),First time applicant,Total,Person,Total,Netherlands,2021,24730,,
ESTAT:TPS00191(1.0),31/07/25 23:00:00,Annual,Extra-EU27 (from 2020),First time applicant,Total,Person,Total,Netherlands,2022,35500,,
ESTAT:TPS00191(1.0),31/07/25 23:00:00,Annual,Extra-EU27 (from 2020),First time applicant,Total,Person,Total,Netherlands,2023,38320,,
ESTAT:TPS00191(1.0),31/07/25 23:00:00,Annual,Extra-EU27 (from 2020),First time applicant,Total,Person,Total,Netherlands,2024,31925,,
ESTAT:TPS00191(1.0),31/07/25 23:00:00,Annual,Extra-EU27 (from 2020),First time applicant,Total,Person,Total,Norway,2013,11430,,
ESTAT:TPS00191(1.0),31/07/25 23:00:00,Annual,Extra-EU27 (from 2020),First time applicant,Total,Person,Total,Norway,2014,10910,,
ESTAT:TPS00191(1.0),31/07/25 23:00:00,Annual,Extra-EU27 (from 2020),First time applicant,Total,Person,Total,Norway,2015,30475,,
ESTAT:TPS00191(1.0),31/07/25 23:00:00,Annual,Extra-EU27 (from 2020),First time applicant,Total,Person,Total,Norway,2016,3245,,
ESTAT:TPS00191(1.0),31/07/25 23:00:00,Annual,Extra-EU27 (from 2020),First time applicant,Total,Person,Total,Norway,2017,3350,,
ESTAT:TPS00191(1.0),31/07/25 23:00:00,Annual,Extra-EU27 (from 2020),First time applicant,Total,Person,Total,Norway,2018,2530,,
ESTAT:TPS00191(1.0),31/07/25 23:00:00,Annual,Extra-EU27 (from 2020),First time applicant,Total,Person,Total,Norway,2019,2165,,
ESTAT:TPS00191(1.0),31/07/25 23:00:00,Annual,Extra-EU27 (from 2020),First time applicant,Total,Person,Total,Norway,2020,1325,,
ESTAT:TPS00191(1.0),31/07/25 23:00:00,Annual,Extra-EU27 (from 2020),First time applicant,Total,Person,Total,Norway,2021,1595,,
ESTAT:TPS00191(1.0),31/07/25 23:00:00,Annual,Extra-EU27 (from 2020),First time applicant,Total,Person,Total,Norway,2022,4650,,
ESTAT:TPS00191(1.0),31/07/25 23:00:00,Annual,Extra-EU27 (from 2020),First time applicant,Total,Person,Total,Norway,2023,5135,,
ESTAT:TPS00191(1.0),31/07/25 23:00:00,Annual,Extra-EU27 (from 2020),First time applicant,Total,Person,Total,Norway,2024,4800,,
ESTAT:TPS00191(1.0),31/07/25 23:00:00,Annual,Extra-EU27 (from 2020),First time applicant,Total,Person,Total,Poland,2013,13970,,
ESTAT:TPS00191(1.0),31/07/25 23:00:00,Annual,Extra-EU27 (from 2020),First time applicant,Total,Person,Total,Poland,2014,5610,,
ESTAT:TPS00191(1.0),31/07/25 23:00:00,Annual,Extra-EU27 (from 2020),First time applicant,Total,Person,Total,Poland,2015,10255,,
ESTAT:TPS00191(1.0),31/07/25 23:00:00,Annual,Extra-EU27 (from 2020),First time applicant,Total,Person,Total,Poland,2016,9780,,
ESTAT:TPS00191(1.0),31/07/25 23:00:00,Annual,Extra-EU27 (from 2020),First time applicant,Total,Person,Total,Poland,2017,3005,,
ESTAT:TPS00191(1.0),31/07/25 23:00:00,Annual,Extra-EU27 (from 2020),First time applicant,Total,Person,Total,Poland,2018,2405,,
ESTAT:TPS00191(1.0),31/07/25 23:00:00,Annual,Extra-EU27 (from 2020),First time applicant,Total,Person,Total,Poland,2019,2765,,
ESTAT:TPS00191(1.0),31/07/25 23:00:00,Annual,Extra-EU27 (from 2020),First time applicant,Total,Person,Total,Poland,2020,1510,,
ESTAT:TPS00191(1.0),31/07/25 23:00:00,Annual,Extra-EU27 (from 2020),First time applicant,Total,Person,Total,Poland,2021,6240,,
ESTAT:TPS00191(1.0),31/07/25 23:00:00,Annual,Extra-EU27 (from 2020),First time applicant,Total,Person,Total,Poland,2022,7700,,
ESTAT:TPS00191(1.0),31/07/25 23:00:00,Annual,Extra-EU27 (from 2020),First time applicant,Total,Person,Total,Poland,2023,7720,,
ESTAT:TPS00191(1.0),31/07/25 23:00:00,Annual,Extra-EU27 (from 2020),First time applicant,Total,Person,Total,Poland,2024,14445,,
ESTAT:TPS00191(1.0),31/07/25 23:00:00,Annual,Extra-EU27 (from 2020),First time applicant,Total,Person,Total,Portugal,2013,500,,
ESTAT:TPS00191(1.0),31/07/25 23:00:00,Annual,Extra-EU27 (from 2020),First time applicant,Total,Person,Total,Portugal,2014,440,,
ESTAT:TPS00191(1.0),31/07/25 23:00:00,Annual,Extra-EU27 (from 2020),First time applicant,Total,Person,Total,Portugal,2015,870,,
ESTAT:TPS00191(1.0),31/07/25 23:00:00,Annual,Extra-EU27 (from 2020),First time applicant,Total,Person,Total,Portugal,2016,710,,
ESTAT:TPS00191(1.0),31/07/25 23:00:00,Annual,Extra-EU27 (from 2020),First time applicant,Total,Person,Total,Portugal,2017,1015,,
ESTAT:TPS00191(1.0),31/07/25 23:00:00,Annual,Extra-EU27 (from 2020),First time applicant,Total,Person,Total,Portugal,2018,1240,,
ESTAT:TPS00191(1.0),31/07/25 23:00:00,Annual,Extra-EU27 (from 2020),First time applicant,Total,Person,Total,Portugal,2019,1735,,
ESTAT:TPS00191(1.0),31/07/25 23:00:00,Annual,Extra-EU27 (from 2020),First time applicant,Total,Person,Total,Portugal,2020,900,,
ESTAT:TPS00191(1.0),31/07/25 23:00:00,Annual,Extra-EU27 (from 2020),First time applicant,Total,Person,Total,Portugal,2021,1350,,
ESTAT:TPS00191(1.0),31/07/25 23:00:00,Annual,Extra-EU27 (from 2020),First time applicant,Total,Person,Total,Portugal,2022,1975,,
ESTAT:TPS00191(1.0),31/07/25 23:00:00,Annual,Extra-EU27 (from 2020),First time applicant,Total,Person,Total,Portugal,2023,2600,,
ESTAT:TPS00191(1.0),31/07/25 23:00:00,Annual,Extra-EU27 (from 2020),First time applicant,Total,Person,Total,Portugal,2024,2675,,
ESTAT:TPS00191(1.0),31/07/25 23:00:00,Annual,Extra-EU27 (from 2020),First time applicant,Total,Person,Total,Romania,2013,1405,,
ESTAT:TPS00191(1.0),31/07/25 23:00:00,Annual,Extra-EU27 (from 2020),First time applicant,Total,Person,Total,Romania,2014,1500,,
ESTAT:TPS00191(1.0),31/07/25 23:00:00,Annual,Extra-EU27 (from 2020),First time applicant,Total,Person,Total,Romania,2015,1225,,
ESTAT:TPS00191(1.0),31/07/25 23:00:00,Annual,Extra-EU27 (from 2020),First time applicant,Total,Person,Total,Romania,2016,1855,,
ESTAT:TPS00191(1.0),31/07/25 23:00:00,Annual,Extra-EU27 (from 2020),First time applicant,Total,Person,Total,Romania,2017,4700,,
ESTAT:TPS00191(1.0),31/07/25 23:00:00,Annual,Extra-EU27 (from 2020),First time applicant,Total,Person,Total,Romania,2018,1945,,
ESTAT:TPS00191(1.0),31/07/25 23:00:00,Annual,Extra-EU27 (from 2020),First time applicant,Total,Person,Total,Romania,2019,2455,,
ESTAT:TPS00191(1.0),31/07/25 23:00:00,Annual,Extra-EU27 (from 2020),First time applicant,Total,Person,Total,Romania,2020,6025,,
ESTAT:TPS00191(1.0),31/07/25 23:00:00,Annual,Extra-EU27 (from 2020),First time applicant,Total,Person,Total,Romania,2021,9065,,
ESTAT:TPS00191(1.0),31/07/25 23:00:00,Annual,Extra-EU27 (from 2020),First time applicant,Total,Person,Total,Romania,2022,12065,,
ESTAT:TPS00191(1.0),31/07/25 23:00:00,Annual,Extra-EU27 (from 2020),First time applicant,Total,Person,Total,Romania,2023,9875,,
ESTAT:TPS00191(1.0),31/07/25 23:00:00,Annual,Extra-EU27 (from 2020),First time applicant,Total,Person,Total,Romania,2024,2265,,
ESTAT:TPS00191(1.0),31/07/25 23:00:00,Annual,Extra-EU27 (from 2020),First time applicant,Total,Person,Total,Sweden,2013,49230,,
ESTAT:TPS00191(1.0),31/07/25 23:00:00,Annual,Extra-EU27 (from 2020),First time applicant,Total,Person,Total,Sweden,2014,74980,,
ESTAT:TPS00191(1.0),31/07/25 23:00:00,Annual,Extra-EU27 (from 2020),First time applicant,Total,Person,Total,Sweden,2015,156115,,
ESTAT:TPS00191(1.0),31/07/25 23:00:00,Annual,Extra-EU27 (from 2020),First time applicant,Total,Person,Total,Sweden,2016,22335,,
ESTAT:TPS00191(1.0),31/07/25 23:00:00,Annual,Extra-EU27 (from 2020),First time applicant,Total,Person,Total,Sweden,2017,22190,,
ESTAT:TPS00191(1.0),31/07/25 23:00:00,Annual,Extra-EU27 (from 2020),First time applicant,Total,Person,Total,Sweden,2018,18635,,
ESTAT:TPS00191(1.0),31/07/25 23:00:00,Annual,Extra-EU27 (from 2020),First time applicant,Total,Person,Total,Sweden,2019,20770,,
ESTAT:TPS00191(1.0),31/07/25 23:00:00,Annual,Extra-EU27 (from 2020),First time applicant,Total,Person,Total,Sweden,2020,11765,,
ESTAT:TPS00191(1.0),31/07/25 23:00:00,Annual,Extra-EU27 (from 2020),First time applicant,Total,Person,Total,Sweden,2021,9015,,
ESTAT:TPS00191(1.0),31/07/25 23:00:00,Annual,Extra-EU27 (from 2020),First time applicant,Total,Person,Total,Sweden,2022,13180,,
ESTAT:TPS00191(1.0),31/07/25 23:00:00,Annual,Extra-EU27 (from 2020),First time applicant,Total,Person,Total,Sweden,2023,8945,,
ESTAT:TPS00191(1.0),31/07/25 23:00:00,Annual,Extra-EU27 (from 2020),First time applicant,Total,Person,Total,Sweden,2024,6755,,
ESTAT:TPS00191(1.0),31/07/25 23:00:00,Annual,Extra-EU27 (from 2020),First time applicant,Total,Person,Total,Slovenia,2013,240,,
ESTAT:TPS00191(1.0),31/07/25 23:00:00,Annual,Extra-EU27 (from 2020),First time applicant,Total,Person,Total,Slovenia,2014,355,,
ESTAT:TPS00191(1.0),31/07/25 23:00:00,Annual,Extra-EU27 (from 2020),First time applicant,Total,Person,Total,Slovenia,2015,260,,
ESTAT:TPS00191(1.0),31/07/25 23:00:00,Annual,Extra-EU27 (from 2020),First time applicant,Total,Person,Total,Slovenia,2016,1265,,
ESTAT:TPS00191(1.0),31/07/25 23:00:00,Annual,Extra-EU27 (from 2020),First time applicant,Total,Person,Total,Slovenia,2017,1435,,
ESTAT:TPS00191(1.0),31/07/25 23:00:00,Annual,Extra-EU27 (from 2020),First time applicant,Total,Person,Total,Slovenia,2018,2800,,
ESTAT:TPS00191(1.0),31/07/25 23:00:00,Annual,Extra-EU27 (from 2020),First time applicant,Total,Person,Total,Slovenia,2019,3615,,
ESTAT:TPS00191(1.0),31/07/25 23:00:00,Annual,Extra-EU27 (from 2020),First time applicant,Total,Person,Total,Slovenia,2020,3465,,
ESTAT:TPS00191(1.0),31/07/25 23:00:00,Annual,Extra-EU27 (from 2020),First time applicant,Total,Person,Total,Slovenia,2021,5220,,
ESTAT:TPS00191(1.0),31/07/25 23:00:00,Annual,Extra-EU27 (from 2020),First time applicant,Total,Person,Total,Slovenia,2022,6645,,
ESTAT:TPS00191(1.0),31/07/25 23:00:00,Annual,Extra-EU27 (from 2020),First time applicant,Total,Person,Total,Slovenia,2023,7185,,
ESTAT:TPS00191(1.0),31/07/25 23:00:00,Annual,Extra-EU27 (from 2020),First time applicant,Total,Person,Total,Slovenia,2024,5465,,
ESTAT:TPS00191(1.0),31/07/25 23:00:00,Annual,Extra-EU27 (from 2020),First time applicant,Total,Person,Total,Slovakia,2013,290,,
ESTAT:TPS00191(1.0),31/07/25 23:00:00,Annual,Extra-EU27 (from 2020),First time applicant,Total,Person,Total,Slovakia,2014,230,,
ESTAT:TPS00191(1.0),31/07/25 23:00:00,Annual,Extra-EU27 (from 2020),First time applicant,Total,Person,Total,Slovakia,2015,270,,
ESTAT:TPS00191(1.0),31/07/25 23:00:00,Annual,Extra-EU27 (from 2020),First time applicant,Total,Person,Total,Slovakia,2016,100,,
ESTAT:TPS00191(1.0),31/07/25 23:00:00,Annual,Extra-EU27 (from 2020),First time applicant,Total,Person,Total,Slovakia,2017,150,,
ESTAT:TPS00191(1.0),31/07/25 23:00:00,Annual,Extra-EU27 (from 2020),First time applicant,Total,Person,Total,Slovakia,2018,155,,
ESTAT:TPS00191(1.0),31/07/25 23:00:00,Annual,Extra-EU27 (from 2020),First time applicant,Total,Person,Total,Slovakia,2019,215,,
ESTAT:TPS00191(1.0),31/07/25 23:00:00,Annual,Extra-EU27 (from 2020),First time applicant,Total,Person,Total,Slovakia,2020,265,,
ESTAT:TPS00191(1.0),31/07/25 23:00:00,Annual,Extra-EU27 (from 2020),First time applicant,Total,Person,Total,Slovakia,2021,330,,
ESTAT:TPS00191(1.0),31/07/25 23:00:00,Annual,Extra-EU27 (from 2020),First time applicant,Total,Person,Total,Slovakia,2022,500,,
ESTAT:TPS00191(1.0),31/07/25 23:00:00,Annual,Extra-EU27 (from 2020),First time applicant,Total,Person,Total,Slovakia,2023,370,,
ESTAT:TPS00191(1.0),31/07/25 23:00:00,Annual,Extra-EU27 (from 2020),First time applicant,Total,Person,Total,Slovakia,2024,135,,
ESTAT:TPS00191(1.0),31/07/25 23:00:00,Annual,Extra-EU27 (from 2020),First time applicant,Total,Person,Total,United Kingdom,2013,29640,,
ESTAT:TPS00191(1.0),31/07/25 23:00:00,Annual,Extra-EU27 (from 2020),First time applicant,Total,Person,Total,United Kingdom,2014,32120,,
ESTAT:TPS00191(1.0),31/07/25 23:00:00,Annual,Extra-EU27 (from 2020),First time applicant,Total,Person,Total,United Kingdom,2015,39720,,
ESTAT:TPS00191(1.0),31/07/25 23:00:00,Annual,Extra-EU27 (from 2020),First time applicant,Total,Person,Total,United Kingdom,2016,39240,,
ESTAT:TPS00191(1.0),31/07/25 23:00:00,Annual,Extra-EU27 (from 2020),First time applicant,Total,Person,Total,United Kingdom,2017,34355,,
ESTAT:TPS00191(1.0),31/07/25 23:00:00,Annual,Extra-EU27 (from 2020),First time applicant,Total,Person,Total,United Kingdom,2018,38400,,
ESTAT:TPS00191(1.0),31/07/25 23:00:00,Annual,Extra-EU27 (from 2020),First time applicant,Total,Person,Total,United Kingdom,2019,44250,,
